{"absolute_max": 3.4570693969726562e-06, "absolute_99q": 2.1425075829029185e-08, "absolute_median": 1.5631940186722204e-12, "absolute_mean": 2.882764693623585e-09, "relative_max": 7.049764826660976e-05, "relative_99q": 4.186446672974853e-05, "relative_median": 8.482120392727666e-06, "relative_mean": 1.2745817002723925e-05, "percentage_not_equal": 0.0}