{"absolute_max": 3.814697265625e-06, "absolute_99q": 2.5738263502717247e-08, "absolute_median": 6.650680006714538e-12, "absolute_mean": 4.456087943083276e-09, "relative_max": 3.663234019768424e-05, "relative_99q": 2.2377390159817878e-05, "relative_median": 6.864986971777398e-06, "relative_mean": 7.63832576922141e-06, "percentage_not_equal": 0.0}