{
  "absolute_max": 2.3245811462402344e-06,
  "absolute_99q": 2.51503661274911e-08,
  "absolute_median": 6.139089236967266e-12,
  "absolute_mean": 2.7266400248748823e-09,
  "relative_max": 3.052165993722156e-05,
  "relative_99q": 2.2898074221302522e-05,
  "relative_median": 5.205091838433873e-06,
  "relative_mean": 6.7103242145094555e-06,
  "percentage_not_equal": 0.0
}