{
  "absolute_max": 2.3543834686279297e-06,
  "absolute_99q": 1.734937541186817e-08,
  "absolute_median": 1.9895196601282805e-12,
  "absolute_mean": 2.246649533077516e-09,
  "relative_max": 2.101283462252468e-05,
  "relative_99q": 1.3530433643609285e-05,
  "relative_median": 3.9672459024586715e-06,
  "relative_mean": 4.654255008063046e-06,
  "percentage_not_equal": 0.0
}