{
  "absolute_max": 3.4868717193603516e-06,
  "absolute_99q": 3.4463591873645884e-08,
  "absolute_median": 7.048583938740194e-12,
  "absolute_mean": 3.222321520723881e-09,
  "relative_max": 5.6884040532168e-05,
  "relative_99q": 3.9896264279377644e-05,
  "relative_median": 9.917683200910687e-06,
  "relative_mean": 1.2459624485927634e-05,
  "percentage_not_equal": 0.0
}