{
  "absolute_max": 2.4437904357910156e-06,
  "absolute_99q": 2.421904355287562e-08,
  "absolute_median": 2.8990143619012088e-12,
  "absolute_mean": 2.7566937621514853e-09,
  "relative_max": 4.1938121285056695e-05,
  "relative_99q": 3.041290534383734e-05,
  "relative_median": 8.628836440038867e-06,
  "relative_mean": 1.0277943147229962e-05,
  "percentage_not_equal": 0.0
}