{"absolute_max": 2.6673078536987305e-06, "absolute_99q": 3.4228432923555425e-08, "absolute_median": 1.8189894035458565e-12, "absolute_mean": 2.5544570902980013e-09, "relative_max": 6.85383565723896e-05, "relative_99q": 5.52317750043585e-05, "relative_median": 7.160152563301381e-06, "relative_mean": 1.1880299098265823e-05, "percentage_not_equal": 0.0}