{
  "absolute_max": 1.3709068298339844e-06,
  "absolute_99q": 3.073364496231079e-08,
  "absolute_median": 1.8189894035458565e-10,
  "absolute_mean": 2.526015396853154e-09,
  "relative_max": 2.0292616682127118e-05,
  "relative_99q": 1.4387092851393391e-05,
  "relative_median": 2.6065349629789125e-06,
  "relative_mean": 3.5126447528455174e-06,
  "percentage_not_equal": 0.0
}